Workbook

Sheet Raw_Data
A1: State | B1: Region | C1: Unemployment Rate 2023 (%) | D1: Youth Unemployment Rate 2023 (%) | E1: Poverty Rate 2019 (%) | F1: Underemployment Rate 2023 (%) | G1: Informal Employment Rate (%) | H1: Primary Economic Activity | I1: Labour Force Participation Rate (%)
A2: Abia | B2: South East | C2: 18.7 | D2: 28.4 | E2: 34.2 | F2: 14.2 | G2: 88.5 | H2: Trade & Services | I2: 74.3
A3: Adamawa | B3: North East | C3: 9.8 | D3: 16.2 | E3: 72.3 | F3: 18.6 | G3: 95.2 | H3: Agriculture | I3: 80.1
A4: Akwa Ibom | B4: South South | C4: 11.2 | D4: 18.5 | E4: 36.8 | F4: 13.8 | G4: 87.6 | H4: Oil & Agriculture | I4: 76.2
A5: Anambra | B5: South East | C5: 8.4 | D5: 14.6 | E5: 22.5 | F5: 11.2 | G5: 85.3 | H5: Trade & Commerce | I5: 75.8
A6: Bauchi | B6: North East | C6: 8.1 | D6: 13.9 | E6: 61.9 | F6: 21.4 | G6: 96.1 | H6: Agriculture | I6: 82.4
A7: Bayelsa | B7: South South | C7: 10.6 | D7: 17.8 | E7: 24.9 | F7: 12.6 | G7: 84.7 | H7: Oil & Fishing | I7: 74.9
A8: Benue | B8: North Central | C8: 7.6 | D8: 13.1 | E8: 57.1 | F8: 19.8 | G8: 94.3 | H8: Agriculture | I8: 81.6
A9: Borno | B9: North East | C9: 7.3 | D9: 12.8 | E9: 74.8 | F9: 22.1 | G9: 96.8 | H9: Agriculture (Disrupted) | I9: 78.3
A10: Cross River | B10: South South | C10: 9.3 | D10: 15.9 | E10: 50.9 | F10: 16.4 | G10: 91.2 | H10: Agriculture & Tourism | I10: 77.5
A11: Delta | B11: South South | C11: 9.8 | D11: 16.4 | E11: 19.8 | F11: 12.1 | G11: 83.4 | H11: Oil & Trade | I11: 75.3
A12: Ebonyi | B12: South East | C12: 10.4 | D12: 17.2 | E12: 66.1 | F12: 17.8 | G12: 93.6 | H12: Agriculture | I12: 79.8
A13: Edo | B13: South South | C13: 9.6 | D13: 16.1 | E13: 29.5 | F13: 13.4 | G13: 86.2 | H13: Trade & Services | I13: 75.6
... A38: Zamfara | B38: North West | C38: 7.6 | D38: 13.2 | E38: 73.8 | F38: 23.2 | G38: 97.1 | H38: Agriculture | I38: 83.8

Sheet Q1 Analysis
B1: Q1 Analysis: State Unemployment Rankings (2023)
A3: Rank | B3: State | C3: Region | D3: Unemployment rate | E3: Category
A4: 1 | B4: Abia | C4: South East | D4: 18.7 | E4: =IF(D4>=13,"High Risk",IF(D4>=9,"Moderate Risk","Lower Risk")) -> High Risk
A5: 2 | B5: FCT | C5: North Central | D5: 14.1 | E5: =IF(D5>=13,"High Risk",IF(D5>=9,"Moderate Risk","Lower Risk")) -> High Risk
A6: 3 | B6: Rivers | C6: South South | D6: 13.4 | E6: =IF(D6>=13,"High Risk",IF(D6>=9,"Moderate Risk","Lower Risk")) -> High Risk
A7: 4 | B7: Imo | C7: South East | D7: 11.8 | E7: =IF(D7>=13,"High Risk",IF(D7>=9,"Moderate Risk","Lower Risk")) -> Moderate Risk
A8: 5 | B8: Akwa Ibom | C8: South South | D8: 11.2 | E8: =IF(D8>=13,"High Risk",IF(D8>=9,"Moderate Risk","Lower Risk")) -> Moderate Risk
A9: 6 | B9: Bayelsa | C9: South South | D9: 10.6 | E9: =IF(D9>=13,"High Risk",IF(D9>=9,"Moderate Risk","Lower Risk")) -> Moderate Risk
A10: 7 | B10: Ebonyi | C10: South East | D10: 10.4 | E10: =IF(D10>=13,"High Risk",IF(D10>=9,"Moderate Risk","Lower Risk")) -> Moderate Risk
A11: 8 | B11: Ekiti | C11: South West | D11: 10.1 | E11: =IF(D11>=13,"High Risk",IF(D11>=9,"Moderate Risk","Lower Risk")) -> Moderate Risk
A12: 9 | B12: Delta | C12: South South | D12: 9.8 | E12: =IF(D12>=13,"High Risk",IF(D12>=9,"Moderate Risk","Lower Risk")) -> Moderate Risk
A13: 10 | B13: Adamawa | C13: North East | D13: 9.8 | E13: =IF(D13>=13,"High Risk",IF(D13>=9,"Moderate Risk","Lower Risk")) -> Moderate Risk
A14: 11 | B14: Edo | C14: South South | D14: 9.6 | E14: =IF(D14>=13,"High Risk",IF(D14>=9,"Moderate Risk","Lower Risk")) -> Moderate Risk
A15: 12 | B15: Osun | C15: South West | D15: 9.4 | E15: =IF(D15>=13,"High Risk",IF(D15>=9,"Moderate Risk","Lower Risk")) -> Moderate Risk
... A40: 37 | B40: Lagos | C40: South West | D40: 5.5 | E40: =IF(D40>=13,"High Risk",IF(D40>=9,"Moderate Risk","Lower Risk")) -> Lower Risk
B42: National Average | C42: =AVERAGE(Raw_Data!$C$2:$C$38) -> 9.1810811
B43: Highest State | C43: {=INDEX(Raw_Data!$A$2:$A$38,MATCH(MAX(Raw_Data!$C$2:$C$38),Raw_Data!$C$2:$C$38,0))} -> Abia
B44: North Average | C44: =AVERAGEIF(Raw_Data!$B$2:$B$38,"North*",Raw_Data!$C$2:$C$38) -> 8.41
B45: South Average | C45: =AVERAGEIF(Raw_Data!$B$2:$B$38,"South*",Raw_Data!$C$2:$C$38) -> 10.088235

Sheet Q2 Analysis
A1: Q2 Analysis: Unemployment vs Poverty Rate by State
F2: Region | G2: Avg Unemployment (%) | H2: Avg Poverty (%)
A3: =Raw_Data!A2 -> Abia | B3: =Raw_Data!B2 -> South East | C3: =Raw_Data!C2 -> 18.7 | D3: =Raw_Data!E2 -> 34.2 | F3: North East | G3: =AVERAGEIF($B$3:$B$39,"North East",$C$3:$C$39) -> 8.4166667 | H3: =AVERAGEIF($B$3:$B$39,"North East",$D$3:$D$39) -> 68.85
A4: =Raw_Data!A3 -> Adamawa | B4: =Raw_Data!B3 -> North East | C4: =Raw_Data!C3 -> 9.8 | D4: =Raw_Data!E3 -> 72.3 | F4: North West | G4: =AVERAGEIF($B$3:$B$39,"North West",$C$3:$C$39) -> 7.7428571 | H4: =AVERAGEIF($B$3:$B$39,"North West",$D$3:$D$39) -> 71.371429
A5: =Raw_Data!A4 -> Akwa Ibom | B5: =Raw_Data!B4 -> South South | C5: =Raw_Data!C4 -> 11.2 | D5: =Raw_Data!E4 -> 36.8 | F5: North Central | G5: =AVERAGEIF($B$3:$B$39,"North Central",$C$3:$C$39) -> 9.0714286 | H5: =AVERAGEIF($B$3:$B$39,"North Central",$D$3:$D$39) -> 50.957143
A6: =Raw_Data!A5 -> Anambra | B6: =Raw_Data!B5 -> South East | C6: =Raw_Data!C5 -> 8.4 | D6: =Raw_Data!E5 -> 22.5 | F6: South West | G6: =AVERAGEIF($B$3:$B$39,"South West",$C$3:$C$39) -> 8.1833333 | H6: =AVERAGEIF($B$3:$B$39,"South West",$D$3:$D$39) -> 21.966667
A7: =Raw_Data!A6 -> Bauchi | B7: =Raw_Data!B6 -> North East | C7: =Raw_Data!C6 -> 8.1 | D7: =Raw_Data!E6 -> 61.9 | F7: South South | G7: =AVERAGEIF($B$3:$B$39,"South South",$C$3:$C$39) -> 10.65 | H7: =AVERAGEIF($B$3:$B$39,"South South",$D$3:$D$39) -> 28.783333
A8: =Raw_Data!A7 -> Bayelsa | B8: =Raw_Data!B7 -> South South | C8: =Raw_Data!C7 -> 10.6 | D8: =Raw_Data!E7 -> 24.9 | F8: South East | G8: =AVERAGEIF($B$3:$B$39,"South East",$C$3:$C$39) -> 11.7 | H8: =AVERAGEIF($B$3:$B$39,"South East",$D$3:$D$39) -> 37.38
A9: =Raw_Data!A8 -> Benue | B9: =Raw_Data!B8 -> North Central | C9: =Raw_Data!C8 -> 7.6 | D9: =Raw_Data!E8 -> 57.1
A10: =Raw_Data!A9 -> Borno | B10: =Raw_Data!B9 -> North East | C10: =Raw_Data!C9 -> 7.3 | D10: =Raw_Data!E9 -> 74.8
A11: =Raw_Data!A10 -> Cross River | B11: =Raw_Data!B10 -> South South | C11: =Raw_Data!C10 -> 9.3 | D11: =Raw_Data!E10 -> 50.9
A12: =Raw_Data!A11 -> Delta | B12: =Raw_Data!B11 -> South South | C12: =Raw_Data!C11 -> 9.8 | D12: =Raw_Data!E11 -> 19.8
A13: =Raw_Data!A12 -> Ebonyi | B13: =Raw_Data!B12 -> South East | C13: =Raw_Data!C12 -> 10.4 | D13: =Raw_Data!E12 -> 66.1
A14: =Raw_Data!A13 -> Edo | B14: =Raw_Data!B13 -> South South | C14: =Raw_Data!C13 -> 9.6 | D14: =Raw_Data!E13 -> 29.5
A15: =Raw_Data!A14 -> Ekiti | B15: =Raw_Data!B14 -> South West | C15: =Raw_Data!C14 -> 10.1 | D15: =Raw_Data!E14 -> 28.2
A16: =Raw_Data!A15 -> Enugu | B16: =Raw_Data!B15 -> South East | C16: =Raw_Data!C15 -> 9.2 | D16: =Raw_Data!E15 -> 36.8
A17: =Raw_Data!A16 -> FCT | B17: =Raw_Data!B16 -> North Central | C17: =Raw_Data!C16 -> 14.1 | D17: =Raw_Data!E16 -> 12.4
A18: =Raw_Data!A17 -> Gombe | B18: =Raw_Data!B17 -> North East | C18: =Raw_Data!C17 -> 8.6 | D18: =Raw_Data!E17 -> 63.6
A19: =Raw_Data!A18 -> Imo | B19: =Raw_Data!B18 -> South East | C19: =Raw_Data!C18 -> 11.8 | D19: =Raw_Data!E18 -> 27.3
A20: =Raw_Data!A19 -> Jigawa | B20: =Raw_Data!B19 -> North West | C20: =Raw_Data!C19 -> 7.9 | D20: =Raw_Data!E19 -> 87
... A39: =Raw_Data!A38 -> Zamfara | B39: =Raw_Data!B38 -> North West | C39: =Raw_Data!C38 -> 7.6 | D39: =Raw_Data!E38 -> 73.8

Sheet Q3 Analysis
A1: Q3 Analysis: Youth Unemployment — Top 15 States
A3: Rank | B3: State | C3: Youth Unemployment (%) | D3: vs National Average
A4: 1 | B4: {=INDEX(Raw_Data!$A$2:$A$38,MATCH(LARGE(Raw_Data!$D$2:$D$38,A4),Raw_Data!$D$2:$D$38,0))} -> Abia | C4: =LARGE(Raw_Data!$D$2:$D$38,A4) -> 28.4 | D4: =C4-AVERAGE(Raw_Data!$D$2:$D$38) -> 12.886486
A5: 2 | B5: {=INDEX(Raw_Data!$A$2:$A$38,MATCH(LARGE(Raw_Data!$D$2:$D$38,A5),Raw_Data!$D$2:$D$38,0))} -> FCT | C5: =LARGE(Raw_Data!$D$2:$D$38,A5) -> 22.8 | D5: =C5-AVERAGE(Raw_Data!$D$2:$D$38) -> 7.2864865
A6: 3 | B6: {=INDEX(Raw_Data!$A$2:$A$38,MATCH(LARGE(Raw_Data!$D$2:$D$38,A6),Raw_Data!$D$2:$D$38,0))} -> Rivers | C6: =LARGE(Raw_Data!$D$2:$D$38,A6) -> 21.6 | D6: =C6-AVERAGE(Raw_Data!$D$2:$D$38) -> 6.0864865
A7: 4 | B7: {=INDEX(Raw_Data!$A$2:$A$38,MATCH(LARGE(Raw_Data!$D$2:$D$38,A7),Raw_Data!$D$2:$D$38,0))} -> Imo | C7: =LARGE(Raw_Data!$D$2:$D$38,A7) -> 19.4 | D7: =C7-AVERAGE(Raw_Data!$D$2:$D$38) -> 3.8864865
A8: 5 | B8: {=INDEX(Raw_Data!$A$2:$A$38,MATCH(LARGE(Raw_Data!$D$2:$D$38,A8),Raw_Data!$D$2:$D$38,0))} -> Akwa Ibom | C8: =LARGE(Raw_Data!$D$2:$D$38,A8) -> 18.5 | D8: =C8-AVERAGE(Raw_Data!$D$2:$D$38) -> 2.9864865
A9: 6 | B9: {=INDEX(Raw_Data!$A$2:$A$38,MATCH(LARGE(Raw_Data!$D$2:$D$38,A9),Raw_Data!$D$2:$D$38,0))} -> Bayelsa | C9: =LARGE(Raw_Data!$D$2:$D$38,A9) -> 17.8 | D9: =C9-AVERAGE(Raw_Data!$D$2:$D$38) -> 2.2864865
A10: 7 | B10: {=INDEX(Raw_Data!$A$2:$A$38,MATCH(LARGE(Raw_Data!$D$2:$D$38,A10),Raw_Data!$D$2:$D$38,0))} -> Ebonyi | C10: =LARGE(Raw_Data!$D$2:$D$38,A10) -> 17.2 | D10: =C10-AVERAGE(Raw_Data!$D$2:$D$38) -> 1.6864865
A11: 8 | B11: {=INDEX(Raw_Data!$A$2:$A$38,MATCH(LARGE(Raw_Data!$D$2:$D$38,A11),Raw_Data!$D$2:$D$38,0))} -> Ekiti | C11: =LARGE(Raw_Data!$D$2:$D$38,A11) -> 17 | D11: =C11-AVERAGE(Raw_Data!$D$2:$D$38) -> 1.4864865
A12: 9 | B12: {=INDEX(Raw_Data!$A$2:$A$38,MATCH(LARGE(Raw_Data!$D$2:$D$38,A12),Raw_Data!$D$2:$D$38,0))} -> Delta | C12: =LARGE(Raw_Data!$D$2:$D$38,A12) -> 16.4 | D12: =C12-AVERAGE(Raw_Data!$D$2:$D$38) -> 0.88648649
A13: 10 | B13: {=INDEX(Raw_Data!$A$2:$A$38,MATCH(LARGE(Raw_Data!$D$2:$D$38,A13),Raw_Data!$D$2:$D$38,0))} -> Adamawa | C13: =LARGE(Raw_Data!$D$2:$D$38,A13) -> 16.2 | D13: =C13-AVERAGE(Raw_Data!$D$2:$D$38) -> 0.68648649
A14: 11 | B14: Edo | C14: 16.1 | D14: =C14-AVERAGE(Raw_Data!$D$2:$D$38) -> 0.58648649
A15: 12 | B15: Cross River | C15: 15.9 | D15: =C15-AVERAGE(Raw_Data!$D$2:$D$38) -> 0.38648649
A16: 13 | B16: Enugu | C16: 15.6 | D16: =C16-AVERAGE(Raw_Data!$D$2:$D$38) -> 0.086486486
A17: 14 | B17: Taraba | C17: 15.3 | D17: =C17-AVERAGE(Raw_Data!$D$2:$D$38) -> -0.21351351
A18: 15 | B18: Kogi | C18: 15.2 | D18: =C18-AVERAGE(Raw_Data!$D$2:$D$38) -> -0.31351351
A20: National Youth Avg | B20: 15.51
A21: Highest State | B21: {=INDEX(Raw_Data!$A$2:$A$38,MATCH(MAX(Raw_Data!$D$2:$D$38),Raw_Data!$D$2:$D$38,0))} -> Abia
A22: States Above 20% | B22: =COUNTIF(Raw_Data!$D$2:$D$38,">20") -> 3

Sheet Q4 Analysis
A1: Q4 Analysis: Informal Employment vs Poverty Rate by Region
A3: Region | B3: Avg Poverty (%) | C3: Avg Informal Employment (%) | D3: Avg Underemployment (%)
A4: North East | B4: =AVERAGEIF(Raw_Data!$B$2:$B$38,"North East",Raw_Data!$E$2:$E$38) -> 68.85 | C4: =AVERAGEIF(Raw_Data!$B$2:$B$38,"North East",Raw_Data!$E$2:$E$38) -> 68.85 | D4: =AVERAGEIF(Raw_Data!$B$2:$B$38,"North East",Raw_Data!$F$2:$F$38) -> 21.116667
A5: North West | B5: =AVERAGEIF(Raw_Data!$B$2:$B$38,"North West",Raw_Data!$E$2:$E$38) -> 71.371429 | C5: =AVERAGEIF(Raw_Data!$B$2:$B$38,"North West",Raw_Data!$G$2:$G$38) -> 96.342857 | D5: =AVERAGEIF(Raw_Data!$B$2:$B$38,"North West",Raw_Data!$F$2:$F$38) -> 22.328571
A6: North Central | B6: =AVERAGEIF(Raw_Data!$B$2:$B$38,"North Central",Raw_Data!$E$2:$E$38) -> 50.957143 | C6: =AVERAGEIF(Raw_Data!$B$2:$B$38,"North Central",Raw_Data!$G$2:$G$38) -> 90.771429 | D6: =AVERAGEIF(Raw_Data!$B$2:$B$38,"North Central",Raw_Data!$F$2:$F$38) -> 17.828571
A7: South West | B7: =AVERAGEIF(Raw_Data!$B$2:$B$38,"South West",Raw_Data!$E$2:$E$38) -> 21.966667 | C7: =AVERAGEIF(Raw_Data!$B$2:$B$38,"South West",Raw_Data!$G$2:$G$38) -> 85.483333 | D7: =AVERAGEIF(Raw_Data!$B$2:$B$38,"South West",Raw_Data!$F$2:$F$38) -> 12.616667
A8: South South | B8: =AVERAGEIF(Raw_Data!$B$2:$B$38,"South South",Raw_Data!$E$2:$E$38) -> 28.783333 | C8: =AVERAGEIF(Raw_Data!$B$2:$B$38,"South South",Raw_Data!$G$2:$G$38) -> 85.733333 | D8: =AVERAGEIF(Raw_Data!$B$2:$B$38,"South South",Raw_Data!$F$2:$F$38) -> 13.35
A9: South East | B9: =AVERAGEIF(Raw_Data!$B$2:$B$38,"South East",Raw_Data!$E$2:$E$38) -> 37.38 | C9: =AVERAGEIF(Raw_Data!$B$2:$B$38,"South East",Raw_Data!$G$2:$G$38) -> 88.7 | D9: =AVERAGEIF(Raw_Data!$B$2:$B$38,"South East",Raw_Data!$F$2:$F$38) -> 14.38
A11: State | B11: Region | C11: Poverty Rate (%) | D11: Informal Employment (%) | E11: Underemployment (%)
A12: =Raw_Data!A2 -> Abia | B12: =Raw_Data!B2 -> South East | C12: =Raw_Data!E2 -> 34.2 | D12: =Raw_Data!G2 -> 88.5 | E12: =Raw_Data!F2 -> 14.2
A13: =Raw_Data!A3 -> Adamawa | B13: =Raw_Data!B3 -> North East | C13: =Raw_Data!E3 -> 72.3 | D13: =Raw_Data!G3 -> 95.2 | E13: =Raw_Data!F3 -> 18.6
A14: =Raw_Data!A4 -> Akwa Ibom | B14: =Raw_Data!B4 -> South South | C14: =Raw_Data!E4 -> 36.8 | D14: =Raw_Data!G4 -> 87.6 | E14: =Raw_Data!F4 -> 13.8
A15: =Raw_Data!A5 -> Anambra | B15: =Raw_Data!B5 -> South East | C15: =Raw_Data!E5 -> 22.5 | D15: =Raw_Data!G5 -> 85.3 | E15: =Raw_Data!F5 -> 11.2
A16: =Raw_Data!A6 -> Bauchi | B16: =Raw_Data!B6 -> North East | C16: =Raw_Data!E6 -> 61.9 | D16: =Raw_Data!G6 -> 96.1 | E16: =Raw_Data!F6 -> 21.4
A17: =Raw_Data!A7 -> Bayelsa | B17: =Raw_Data!B7 -> South South | C17: =Raw_Data!E7 -> 24.9 | D17: =Raw_Data!G7 -> 84.7 | E17: =Raw_Data!F7 -> 12.6
A18: =Raw_Data!A8 -> Benue | B18: =Raw_Data!B8 -> North Central | C18: =Raw_Data!E8 -> 57.1 | D18: =Raw_Data!G8 -> 94.3 | E18: =Raw_Data!F8 -> 19.8
A19: =Raw_Data!A9 -> Borno | B19: =Raw_Data!B9 -> North East | C19: =Raw_Data!E9 -> 74.8 | D19: =Raw_Data!G9 -> 96.8 | E19: =Raw_Data!F9 -> 22.1
A20: =Raw_Data!A10 -> Cross River | B20: =Raw_Data!B10 -> South South | C20: =Raw_Data!E10 -> 50.9 | D20: =Raw_Data!G10 -> 91.2 | E20: =Raw_Data!F10 -> 16.4
A21: =Raw_Data!A11 -> Delta | B21: =Raw_Data!B11 -> South South | C21: =Raw_Data!E11 -> 19.8 | D21: =Raw_Data!G11 -> 83.4 | E21: =Raw_Data!F11 -> 12.1
A22: =Raw_Data!A12 -> Ebonyi | B22: =Raw_Data!B12 -> South East | C22: =Raw_Data!E12 -> 66.1 | D22: =Raw_Data!G12 -> 93.6 | E22: =Raw_Data!F12 -> 17.8
A23: =Raw_Data!A13 -> Edo | B23: =Raw_Data!B13 -> South South | C23: =Raw_Data!E13 -> 29.5 | D23: =Raw_Data!G13 -> 86.2 | E23: =Raw_Data!F13 -> 13.4
... A48: =Raw_Data!A38 -> Zamfara | B48: =Raw_Data!B38 -> North West | C48: =Raw_Data!E38 -> 73.8 | D48: =Raw_Data!G38 -> 97.1 | E48: =Raw_Data!F38 -> 23.2

Sheet Dashboard
A1: NIGERIA UNEMPLOYMENT & POVERTY CRISIS — DATA ANALYSIS 2023
A2: Source: NBS Labour Force Survey 2023 | NBS Poverty Report 2019 | Compiled by Daniel Emmanuel Nanshak
A4: 18.7% Highest State Unemployment (Abia) | D4: 87.7% Highest Poverty Rate (Sokoto) | G4: 15.51% Avg Youth Unemployment | J4: 92.7% Avg Informal Employment Rate
A8: Abia, FCT & Rivers lead unemployment — Southern states dominate the top 3 | G8: North West has 71% poverty but only 7.7% unemployment — most are working but still poor
G29: States with 95%+ informal employment all have 60%+ poverty rates
A46: Youth Unemployment — Top 15 States
A60: Data: NBS Labour Force Survey 2023 | NBS Poverty & Inequality Report 2019 | For Portfolio Use Only | Daniel Emmanuel Nanshak
